ID,Pred
1,0.9536652949667445
2,0.3422937841854615
3,0.0
4,0.9999999999999999
5,0.0
6,0.771270090635272
7,0.8943866847126926
8,0.24369310075192183
9,0.007119794926054867
10,0.9995432886816354
11,0.04158682279417994
12,0.10121192178537095
13,0.0
14,0.0
15,0.7322819066632089
16,0.14152022214718427
17,0.007523383661015759
18,0.2052554730860544
19,0.9858818549829045
20,0.9999999999999999
21,0.2619423373718958
22,0.0
23,0.0
24,0.05417864320280687
25,0.0
26,0.4219036334673795
27,0.9999999999999999
28,0.006753175894779795
29,0.9999999999999999
30,0.9999999999999999
31,0.02690614347604947
32,0.9999999999999999
33,0.0
34,0.23460573894192166
35,0.0
36,0.03846461438796035
37,0.03887627194135615
38,0.0
39,0.9999999999999999
40,0.0
41,0.7164336300609441
42,0.0
43,0.051762281828156814
44,0.30695342288427163
45,0.9823146377430868
46,0.9999999999999999
47,0.19506867564410002
48,0.2887391185433593
49,0.5756727425003374
50,0.6419520097413194
51,0.0
52,0.9999999999999999
53,0.9999999999999999
54,0.0
55,0.9209605234049857
56,0.978289359476536
57,0.9999999999999999
58,0.0
59,0.0
60,0.9999999999999999
61,0.9999999999999999
62,0.9407799756359967
63,0.9999999999999999
64,0.9999999999999999
65,0.21678316483277627
66,0.884311204906601
67,0.0
68,0.0
69,0.4184781369063675
70,0.018661007562221926
71,0.9999999999999999
72,0.06605437566408524
73,0.7892159611298155
74,0.9999999999999999
75,0.9999999999999999
76,0.04563680902925419
77,0.9999999999999999
78,0.24961515343839563
79,0.9999999999999999
80,0.9999999999999999
81,0.7752207210611107
82,0.9999999999999999
83,0.09944006999012221
84,0.45135853558568145
85,0.9999999999999999
86,0.1752126449067587
87,0.0
88,0.9233929727308103
89,0.7241941564933377
90,0.9951846528988825
91,0.0
92,0.9999999999999999
93,0.9999999999999999
94,0.3613378657421703
95,0.9999999999999999
96,0.9999999999999999
97,0.9999999999999999
98,0.9999999999999999
99,0.622275433750463
100,0.9999999999999999
101,0.3095431742623227
102,0.7789503463695725
103,0.728886333704233
104,0.03471171428283643
105,0.0
106,0.9710634937178204
107,0.553086923391303
108,0.9244355535015284
109,0.42898938515692603
110,0.06032360817290175
111,0.9837022411208403
112,0.9735671677551253
113,0.07593898300988693
114,0.5816328234272585
115,0.34863038232100885
116,0.9999999999999999
117,0.040884585669408904
118,0.7937536908075852
119,0.27068997947821777
120,0.7001308025025589
121,0.0
122,0.11466440761073844
123,0.9920690447827191
124,0.9856810278284297
125,0.9999999999999999
126,0.9999999999999999
127,0.1417270100511652
128,0.833095298523275
129,0.0
130,0.08139905176975176
131,0.03364903153546601
132,0.9999999999999999
133,0.38234131702235197
134,0.14298802325494891
135,0.012739767657098926
136,0.8567987161271232
137,0.3145257428996248
138,0.04858787167613325
139,0.7094531918546023
140,0.9999999999999999
141,0.40864384208741245
142,0.0
143,0.9999999999999999
144,0.9999999999999999
145,0.8977649999912508
146,0.0
147,0.14356007549969071
148,0.0
149,0.29850031803203997
150,0.7741762421503376
151,0.42287966540204547
152,0.9999999999999999
153,0.7157644047611418
154,0.0
155,0.9999999999999999
156,0.0
157,0.6757726543459271
158,0.038188062341270264
159,0.9996918485329889
160,0.15077726759887936
161,0.9316810793913148
162,0.22893512541195812
163,0.9999999999999999
164,0.7684213895080861
165,0.9999999999999999
166,0.15781637802588516
167,0.9999999999999999
168,0.9999999999999999
169,0.572401348325364
170,0.05091876786047662
171,0.0
172,0.9999999999999999
173,0.9999999999999999
174,0.0
175,0.14977400892365986
176,0.31914462251238285
177,0.9999999999999999
178,0.6890325269700894
179,0.35668378867268874
180,0.8174813766894122
181,0.0
182,0.9999999999999999
183,0.018235517323700278
184,0.26190865666053414
185,0.8417223591021326
186,0.16297982361183283
187,0.46685572673644676
188,0.9999999999999999
189,0.0
190,0.9410842639197619
191,0.9999999999999999
192,0.0027097668654611495
193,0.9580649869339054
194,0.23248927885534304
195,0.9999999999999999
196,0.15226678158799908
197,0.10704827666127169
198,0.9002351567593875
199,0.9999999999999999
200,0.9999999999999999
201,0.9999999999999999
202,0.9128100598160485
203,0.9999999999999999
204,0.19651847332612774
205,0.9528177175483125
206,0.9342556549333069
207,0.41323147246719666
208,0.2137187837352967
209,0.9999999999999999
210,0.0
211,0.9999999999999999
212,0.9999999999999999
213,0.0
214,0.5887866132544677
215,0.6865017585869816
216,0.1992667036961731
217,0.0
218,0.007671867739250859
219,0.4092239990319028
220,0.8526376153503225
221,0.22980021173198958
222,0.07735150926433915
223,0.9999999999999999
224,0.9999999999999999
225,0.2827801452567718
226,0.7363251850401832
227,0.9605319629506852
228,0.0
229,0.9999999999999999
230,0.0005236488641139237
231,0.5090781313593132
232,0.4943634123634633
233,0.0
234,0.555627132669212
235,0.9999999999999999
236,0.9999999999999999
237,0.04770868611650847
238,0.9999999999999999
239,0.9405694155764578
240,0.4169123154246553
241,0.6529397129947127
242,0.9999999999999999
243,0.5814921500579339
244,0.9999999999999999
245,0.9687628859184343
246,0.28034383033616006
247,0.06266245038191535
248,0.0
249,0.0
250,0.6462083198225909
251,0.6095752830679191
252,0.06212930005814596
253,0.08951654808287765
254,0.9999999999999999
255,0.0
256,0.9999999999999999
257,0.9999999999999999
258,0.9999999999999999
259,0.0
260,0.05191064000649271
261,0.8174453415444651
262,0.098889471810127
263,0.9999999999999999
264,0.3605700181733612
265,0.06797533159047733
266,0.9999999999999999
267,0.0
268,0.7698500312263314
269,0.11978359963999513
270,0.9999999999999999
271,0.9999999999999999
272,0.9999999999999999
273,0.008378859768684993
274,0.005846526009878073
275,0.5771608488381862
276,9.306052476782401e-05
277,0.8234784993492321
278,0.8746819365886143
279,0.038561430252821806
280,0.7714907334014938
281,0.0
282,0.9999999999999999
283,0.1879593413505699
284,0.008451112725083854
285,0.9999999999999999
286,0.47431174576144897
287,0.9999999999999999
288,0.7385237611492991
289,0.7726556376928221
290,0.5810509619364749
291,0.0
292,0.2617671503440634
293,0.3365809400166964
294,0.994761403208799
295,0.09905592547696049
296,0.0
297,0.2447439608220509
298,0.31368007029755096
299,0.15696826253516885
300,0.0
301,0.0
302,0.895324963826312
303,0.9999999999999999
304,0.7233484077540735
305,0.9999999999999999
306,0.9999999999999999
307,0.0
308,0.0
309,0.8196132347809069
310,0.9999999999999999
311,0.9999999999999999
312,0.9999999999999999
313,0.49170261380270386
314,0.9258802411106788
315,0.9999999999999999
316,0.015158361885864335
317,0.9603669784805197
318,0.8793434538612199
319,0.9999999999999999
320,0.9584308184965745
321,0.9999999999999999
322,0.8922416133708141
323,0.8984075179872959
324,0.3141932112746045
325,0.9999999999999999
326,0.0
327,0.9999999999999999
328,0.0
329,0.8583049971836636
330,0.9999999999999999
331,0.8042047249293417
332,0.5143850821243771
333,0.0
334,0.029894826941361575
335,0.8932348633488156
336,0.9999999999999999
337,0.12553873247145653
338,0.5926602000804688
339,0.9999999999999999
340,0.16585031998188682
341,0.2968002114506278
342,0.9999999999999999
343,0.0
344,0.19290313019314848
345,0.33297106976230306
346,0.3642555593721645
347,0.9999999999999999
348,0.0
349,0.1981199398899082
350,0.0
351,0.7185207054773213
352,0.3639289712468054
353,0.0
354,0.9999999999999999
355,0.9999999999999999
356,0.9999999999999999
357,0.24544825987583024
358,0.797786532915822
359,0.21743856266242972
360,0.051837709526655354
361,0.9999999999999999
362,0.0
363,0.05805051694561224
364,0.4912164140340518
365,0.9999999999999999
366,0.022393970670550756
367,0.0
368,0.0
369,0.9999999999999999
370,0.09873859910627938
371,0.9999999999999999
372,0.05469663844484575
373,0.037947890463346345
374,0.27687160487752194
375,0.9722615786473989
376,0.035843875148345625
377,0.0
378,0.39709961543611016
379,0.9999999999999999
380,0.03734522837859908
381,0.0
382,0.9999999999999999
383,0.03307582160607808
384,0.2018474154017847
385,0.08797157255173962
386,0.0
387,0.8006606619420084
388,0.9999999999999999
389,0.0
390,0.10511748055268179
391,0.019311893458453133
392,0.9999999999999999
393,0.037943847212577514
394,0.6843443796706631
395,0.8038965971678248
396,0.9999999999999999
397,0.1971219904871554
398,0.9558389043980196
399,0.9131031062993789
400,0.0
401,0.922953285700008
402,0.9999999999999999
403,0.5996411373953078
404,0.6763103583946279
405,0.5106075980067121
406,0.9999999999999999
407,0.9999999999999999
408,0.5033743430812436
409,0.4633898390962995
410,0.7406606138542836
411,0.33218484609626187
412,0.044822153650181815
413,0.9999999999999999
414,0.6250302346420955
415,0.0
416,0.0
417,0.0
418,0.9568485917093067
419,0.9876520792606618
420,0.10880169458975197
421,0.0
422,0.4164794733718966
423,0.9999999999999999
424,0.8158229079811088
425,0.9999999999999999
426,0.07740971619469433
427,0.01512678636227114
428,0.04219797523024498
429,0.22328348465100886
430,0.9999999999999999
431,0.8670808135347066
432,0.05006485636057718
433,0.5778643768575399
434,0.07331379729996614
435,0.2622970540461553
436,0.36327047008393243
437,0.030938787410778646
438,0.0
439,0.7241490296379426
440,0.9999999999999999
441,0.9999999999999999
442,0.34554102436979356
443,0.5123290159728084
444,0.9999999999999999
445,0.19424294157561303
446,0.8666404133275435
447,0.0
448,0.44594758926866934
449,0.9999999999999999
450,0.9159524816745771
451,0.2532972707583293
452,0.12260287962053205
453,0.0
454,0.9999999999999999
455,0.0
456,0.3417331816816016
457,0.25415463398026494
458,0.9999999999999999
459,0.9999999999999999
460,0.8100756015775814
461,0.9999999999999999
462,0.9999999999999999
463,0.0
464,0.1449583830748609
465,0.8442756115313105
466,0.7705249042398429
467,0.9999999999999999
468,0.13493542526389962
469,0.2785462077430749
470,0.30109917824469135
471,0.021307961741210253
472,0.5456721528201385
473,0.9999999999999999
474,0.7987653156126282
475,0.17834130886691404
476,0.0
477,0.9999999999999999
478,0.9999999999999999
479,0.49256081800328344
480,0.9999999999999999
481,0.08083919967768803
482,0.27633839595330706
483,0.992987477217213
484,0.9431111173950153
485,0.9850922669125661
486,0.724200691561395
487,0.986401547482467
488,0.06591364506188044
489,0.8256630885982038
490,0.1870727824075787
491,0.023836175801530635
492,0.0
493,0.4433300145989114
494,0.9999999999999999
495,0.05235563213611629
496,0.17331265478583302
497,0.5587005570292999
498,0.4807799565257907
499,0.03844867110158698
500,0.0
501,0.9999999999999999
502,0.8386915868140778
503,0.9999999999999999
504,0.9999999999999999
505,0.0
506,0.3605098553400583
507,0.44115063732176674
508,0.8047228091454296
509,0.9694760456030801
510,0.9999999999999999
511,0.0
512,0.9733459974599656
513,0.44235574382348125
514,0.0
515,0.12667211599529177
516,0.9999999999999999
517,0.9598732830763679
518,0.9594090857963793
519,0.0
520,0.34434007923051724
521,0.9999999999999999
522,0.9999999999999999
523,0.0
524,0.07052697290781461
525,3.7621619511452044e-05
526,0.5974119986300184
527,0.3872842495726793
528,0.9999999999999999
529,0.7919299163804217
530,0.5658397386887349
531,0.4783374049195372
532,0.1310677680810655
533,0.9999999999999999
534,0.9999999999999999
535,0.9999999999999999
536,0.9999999999999999
537,0.003262946926289223
538,0.016556056777149143
539,0.9372007547405085
540,0.9999999999999999
541,0.3498608052369621
542,0.05597427110551913
543,0.0064201591268348126
544,0.936784083542726
545,0.8126941037574139
546,0.24383326342268927
547,0.7614381035644425
548,0.0
549,0.9999999999999999
550,0.9956708875782301
551,0.9999999999999999
552,0.9999999999999999
553,0.6883265725171649
554,0.11620171687136635
555,0.3478159596520142
556,0.22996980673579143
557,0.9180787033393853
558,0.9999999999999999
559,0.8653608362682652
560,0.591305384431826
561,0.9899632407658361
562,0.0
563,0.08742174395642921
564,0.9600488902516305
565,0.13581324075165113
566,0.9172248471331497
567,0.0
568,0.9429240382028165
569,0.8157447805385023
570,0.08515483432357722
571,0.9999999999999999
572,0.7558898046298194
573,0.9999999999999999
574,0.07413927755918288
575,0.0
576,0.9999999999999999
577,0.8032081956409469
578,0.09139428148365282
579,0.9999999999999999
580,0.9122062429750624
581,0.1759022356951134
582,0.9165359322081013
583,0.8981301255678399
584,0.0418287987180406
585,0.9176415160908858
586,0.0
587,0.0
588,0.03402375467658662
589,0.9571082637981396
590,0.9999999999999999
591,0.0
592,0.18052836795680888
593,0.9999999999999999
594,0.031770650639808974
595,0.4237139028959178
596,0.9999999999999999
597,0.1601282640994655
598,0.3952450693725209
599,0.9999999999999999
600,0.9999999999999999
601,0.7105822398106743
602,0.0
603,0.0
604,0.6128016536246005
605,0.9999999999999999
606,0.0
607,0.9999999999999999
608,0.9461569581550854
609,0.9756956272301911
610,0.6887241670732067
611,0.9489639543333618
612,0.08673131531006441
613,0.9999999999999999
614,0.47790496587808257
615,0.862082482958057
616,0.2598364343092528
617,0.1777223688997365
618,0.9999999999999999
619,0.2542706279030803
620,0.9999999999999999
621,0.05274683811069743
622,0.9920741238568969
623,0.7091037452732175
624,0.9999999999999999
625,0.0
626,0.17937236532616968
627,0.32678057634894736
628,0.3852145334629481
629,0.9710425080199256
630,0.5071974570232078
631,0.34848539944700074
632,0.0
633,0.3726730054387228
634,0.7442401243813629
635,0.4249779173628392
636,0.37473877186121973
637,0.029552675697410914
638,0.7123941539783412
639,0.787299968209888
640,0.9770985499819617
641,0.27818605509405714
642,0.34684687646833967
643,0.9999999999999999
644,0.0008530886141670857
645,0.0
646,0.0
647,0.9999999999999999
648,0.0
649,0.0
650,0.9999999999999999
651,0.9999999999999999
652,0.31743395558535703
653,0.0
654,0.9973607203937508
655,0.19219574332285924
656,0.9991156591645991
657,0.6967386511312236
658,0.9999999999999999
659,0.8529537436941056
660,0.762738478155968
661,0.9395858077412067
662,0.960219646251658
663,0.0
664,0.32868609227301443
665,0.9999999999999999
666,0.0
667,0.5268832572379424
668,0.9999999999999999
669,0.9999999999999999
670,0.9999999999999999
671,0.2364201913565055
672,0.9999999999999999
673,0.9248775227692542
674,0.3859681072912782
675,0.0
676,0.4624843483220682
677,0.06384553137225712
678,0.9326681923157712
679,0.4405431549157853
680,0.0
681,0.9999999999999999
682,0.07026085406024621
683,0.7008665791385005
684,0.9999999999999999
685,0.7860565659359846
686,0.9952521266914492
687,0.058193760187989114
688,0.07300067315563281
689,0.0
690,0.8010074943385802
691,0.0
692,0.0
693,0.03372861839408473
694,0.17503950863837173
695,0.9999999999999999
696,0.0033498524117405283
697,0.0
698,0.9394512977173464
699,0.8777721003420158
700,0.9999999999999999
701,0.11640685774743159
702,0.8342616676977025
703,0.9999999999999999
704,0.9999999999999999
705,0.9999999999999999
706,0.9999999999999999
707,0.0
708,0.3616977539171884
709,0.8793453333772694
710,0.9999999999999999
711,0.8985696745018268
712,0.05610811479127438
713,0.016178687123849157
714,0.9307953015738424
715,0.0
716,0.13220203042350948
717,0.6105892545090863
718,0.0
719,0.9988810400417432
720,0.7498289710051756
721,0.7822633765273383
722,0.027097767160356494
723,0.6228119935011344
724,0.6876237402740385
725,0.16067985310213695
726,0.9999999999999999
727,0.008392379823688562
728,0.9999999999999999
729,0.5811704842072571
730,0.004843524888369888
731,0.26001329795855804
732,0.9999999999999999
733,0.8890153998919945
734,0.6536847546449002
735,0.0
736,0.0
737,0.3314861463752229
738,0.7601321468733191
739,0.41635845419676987
740,0.8093797911581847
741,0.0
742,0.0
743,0.9241932334471292
744,0.9999999999999999
745,0.2945066425048929
746,0.1674209256679502
747,0.0
748,0.9999999999999999
749,0.9999999999999999
750,0.7389886508619945
751,0.3869828366117399
752,0.31931240650459963
753,0.37856147420405306
754,0.0
755,0.06160328462151338
756,0.5744727732914683
757,0.16777373959235486
758,0.9999999999999999
759,0.0381044383992389
760,0.8889825129345582
761,0.0
762,0.4964086998125702
763,0.6072590234939838
764,0.9999999999999999
765,0.9999999999999999
766,0.8896930850057396
767,0.18038708221799649
768,0.3279875211674452
769,0.0
770,0.0799422233082661
771,0.9999999999999999
772,0.9999999999999999
773,0.6243183901936887
774,0.9680736747805807
775,0.7190090920662799
776,0.4389672565679682
777,0.9999999999999999
778,0.44531713000104745
779,0.9999999999999999
780,0.0
781,0.5145608966037488
782,0.5436388409806856
783,0.9999999999999999
784,0.01605030840384508
785,0.6484969968689553
786,0.9822216931549075
787,0.2725030102789268
788,0.0
789,0.9999999999999999
790,0.9999999999999999
791,0.7236190902307216
792,0.0
793,0.7552862217329638
794,0.6186651853631341
795,0.43286769157183214
796,0.9999999999999999
797,0.1104842931686652
798,0.0
799,0.0
800,0.2460567229265788
801,0.9999999999999999
802,0.0
803,0.22621031963413885
804,0.0
805,0.9990283606104321
806,0.018762521165923175
807,0.9908224556187395
808,0.870719800050056
809,0.09123903412115698
810,0.14164192854039018
811,0.9999999999999999
812,0.0
813,0.9655786704853977
814,0.230445705361616
815,0.9999999999999999
816,0.8421991008837397
817,0.0
818,0.9512462847663911
819,0.061020593987329716
820,0.012107237920186253
821,0.7122930499366495
822,0.04870335915202106
823,0.37755205881244047
824,0.9999999999999999
825,0.9978937093797207
826,0.9999999999999999
827,0.1905686212030022
828,0.21266606074824612
829,0.15000576778584918
830,0.10154837070261077
831,0.9999999999999999
832,0.0
833,0.9999999999999999
834,0.0
835,0.5887470752345364
836,0.06089341784830239
837,0.9999999999999999
838,0.03753551847718365
839,0.705143890249158
840,0.5762492625311229
841,0.0
842,0.9999999999999999
843,0.9593893165867619
844,0.4916927415838661
845,0.9951899331542948
846,0.9999999999999999
847,0.46486508774321533
848,0.9999999999999999
849,0.7549724328789142
850,0.07904877032188573
851,0.9555294606043542
852,0.2838441759190044
853,0.8922008339967434
854,0.0
855,0.9999999999999999
856,0.2538174431627837
857,0.9999999999999999
858,0.25386828176193765
859,0.0
860,0.9999999999999999
861,0.9999999999999999
862,0.0
863,0.9999999999999999
864,0.9999999999999999
865,0.05858484269382295
866,0.12379870153293693
867,0.0
868,0.9999999999999999
869,0.3798060621141548
870,0.17173446890153138
871,0.9999999999999999
872,0.9999999999999999
873,0.020864934063353748
874,0.5043169395907534
875,0.06166611024630609
876,0.9999999999999999
877,0.8454761479659259
878,0.9999999999999999
879,0.9999999999999999
880,0.45709209420674357
881,0.0
882,0.0
883,0.7438994233567121
884,0.027260166061242777
885,0.32937093280473634
886,0.9999999999999999
887,0.0
888,0.9416722701873096
889,0.6023243875856805
890,0.9999999999999999
891,0.9898836965068802
892,0.7074596899310124
893,0.9999999999999999
894,0.9289913759916465
895,0.9999999999999999
896,0.0
897,0.9999999999999999
898,0.9999999999999999
899,0.0015867500477602658
900,0.9122443466912451
901,0.9999999999999999
902,0.07545509352232795
903,0.03834557312413679
904,0.6483757363819184
905,0.0
906,0.9673100785625147
907,0.4180958260773123
908,0.4216762115423194
909,0.6667221924573936
910,0.035137477648266434
911,0.9450998537114517
912,0.948853967673641
913,0.08975864202503438
914,0.9999999999999999
915,0.5301870472905414
916,0.3810136162335508
917,0.035509223390244884
918,0.41347003610999444
919,0.1404062574511294
920,0.14150271941808729
921,0.0
922,0.6601749262497805
923,0.9999999999999999
924,0.9999999999999999
925,0.17018450591508527
926,0.4415873289655864
927,0.7595509709628205
928,0.9718163286542274
929,0.9999999999999999
930,0.1425229952214359
931,0.5076623646041403
932,0.010168805976090017
933,0.0
934,0.0
935,0.39833762050174015
936,0.9999999999999999
937,0.9337983468155021
938,0.569789904252132
939,0.9999999999999999
940,0.9654265845780635
941,0.1784722720890266
942,0.0
943,0.25326764606994195
944,0.9999999999999999
945,0.32873665400737534
946,0.7262288610374443
947,0.0
948,0.004376846422508285
949,0.44690049594720865
950,0.0
951,0.06403208354755725
952,0.9999999999999999
953,0.9999999999999999
954,0.6462787787265092
955,0.9999999999999999
956,0.7187680725083601
957,0.9999999999999999
958,0.9999999999999999
959,0.9885853196352785
960,0.0
961,0.8288172929450224
962,0.1255834225550714
963,0.005421125512708203
964,0.008039405066861604
965,0.797803107193288
966,0.03368470223484736
967,0.47895528208806293
968,0.011759356479395232
969,0.0
970,0.1303935590596439
971,0.03776070408079138
972,0.04120047156873036
973,0.8404378384519281
974,0.8039543318591643
975,0.9999999999999999
976,0.0
977,0.23994163960216883
978,0.9528223976140767
979,0.0
980,0.9999999999999999
981,0.9977189212274739
982,0.9999999999999999
983,0.0
984,0.0
985,0.00906384377045824
986,0.6690625110474099
987,0.9999999999999999
988,0.9999999999999999
989,0.9999999999999999
990,0.2785462077430749
991,0.10945919847210123
992,0.5089541466209726
993,0.9911060797324278
994,0.06558743257465828
995,0.9999999999999999
996,0.0
997,0.0
998,0.0
999,0.7874468136336389
1000,0.01062045112318859
1001,0.8022981655227212
1002,0.0
1003,0.9999999999999999
1004,0.1322007471962361
1005,0.0
1006,0.0028699295860103945
1007,0.9999999999999999
1008,0.9999999999999999
1009,0.0
1010,0.7682238037954432
1011,0.1917700555007322
1012,0.17330039786883494
1013,0.0
1014,0.6385021220995759
1015,0.145150392596862
1016,0.0
1017,0.6986336671751949
1018,0.0
1019,0.6916351722437313
1020,0.7789481005692379
1021,0.9999999999999999
1022,0.0
1023,0.0
1024,0.9986552243330555
1025,0.2785462077430749
1026,0.06909708874856926
1027,0.9999999999999999
1028,0.9999999999999999
1029,0.01235616413354026
1030,0.1246632142348228
1031,0.9999999999999999
1032,0.06425091894764835
1033,0.9797822742475905
1034,0.9999999999999999
1035,0.9199342704233924
1036,0.9999999999999999
1037,0.9153463193444606
1038,0.040175442599728974
1039,0.9170630629181584
1040,0.0
1041,0.06558286299270241
1042,0.954894825294956
1043,0.0
1044,0.8682279327939748
1045,0.5299038790653812
1046,0.10207435153213928
1047,0.06403260650885914
1048,0.0
1049,0.14331417958429304
1050,0.010426823169274912
1051,0.19209659160554315
1052,0.9999999999999999
1053,0.47872869830876064
1054,0.07583159996276928
1055,0.9999999999999999
1056,0.5458425649042429
1057,0.22592150997080263
1058,0.0
1059,0.9999999999999999
1060,0.14703118386818065
1061,0.9999999999999999
1062,0.11678197631358694
1063,0.9053895888179448
1064,0.0
1065,0.07807921452813635
1066,0.19019829864349425
1067,0.5519369273158772
1068,0.8383394629153004
1069,0.7388040079454625
1070,0.9527597050245569
1071,0.0
1072,0.3269810808898533
1073,0.1401180601771776
1074,0.4201704552732071
1075,0.0
1076,0.6888625797547775
1077,0.9999999999999999
1078,0.015679009071100793
1079,0.9464532372702744
1080,0.0
1081,0.0
1082,0.9999999999999999
1083,0.0
1084,0.0
1085,0.04146780231598526
1086,0.8242397900127566
1087,0.16877377039336472
1088,0.9999999999999999
1089,0.9999999999999999
1090,0.001506251456384966
1091,0.9812970510001926
1092,0.9631560975429349
1093,0.6255358422810258
1094,0.2100301538006345
1095,0.3320432017543607
1096,0.9999999999999999
1097,0.45010389039431725
1098,0.08020903750074154
1099,0.07881446825605104
1100,0.9999999999999999
1101,0.0
1102,0.024891401718093488
1103,0.1963117770170693
1104,0.9999999999999999
1105,0.9999999999999999
1106,0.9925665048315095
1107,0.9999999999999999
1108,0.9999999999999999
1109,0.0052220542352593765
1110,0.5302587727307917
1111,0.0
1112,0.0
1113,0.5667992986001906
1114,0.33897607929670825
1115,0.9999999999999999
1116,0.9999999999999999
1117,0.9999999999999999
1118,0.8999999999999999
1119,0.9187778861992553
1120,0.9232431816329505
1121,0.7381537400877889
1122,0.003176166994050866
1123,0.3395856437322417
1124,0.5495178837604033
1125,0.9999999999999999
1126,0.01799744279001398
1127,0.0
1128,0.11492586190894165
1129,0.7419030684284523
1130,0.0
1131,0.0
1132,0.6242746242069735
1133,0.9999999999999999
1134,0.9999999999999999
1135,0.4014307459162644
1136,0.0
1137,0.9999999999999999
1138,0.9722084028378354
1139,0.0
1140,0.9999999999999999
1141,0.9340438402268922
1142,0.9999999999999999
1143,0.0
1144,0.9999999999999999
1145,0.3386990423978888
1146,0.0
1147,0.0
1148,0.8733793219845277
1149,0.9999999999999999
1150,0.012101635124053167
1151,0.0
1152,0.0
1153,0.0
1154,0.0
1155,0.9999999999999999
1156,0.1730803162625339
1157,0.0
1158,0.9514091393873911
1159,0.0
1160,0.009198040135109192
1161,0.9999999999999999
1162,0.5147436887515259
1163,0.12679940142241122
1164,0.9222197405333936
1165,0.5106540336396928
1166,0.0
1167,0.007365271386931993
1168,0.9999999999999999
1169,0.38364738318661173
1170,0.14156857200538303
1171,0.7273433423269716
1172,0.4402759604785027
1173,0.9941669350981448
1174,0.15251996837214024
1175,0.8110871802292671
1176,0.9999999999999999
1177,0.9947266698134802
1178,0.0
1179,0.9999999999999999
1180,0.31632722998143303
1181,0.9999999999999999
1182,0.0
1183,0.15553487616430955
1184,0.0
1185,0.9295463478482517
1186,0.0
1187,0.5133188711251827
1188,0.9999999999999999
1189,0.02105010056287799
1190,0.2797367512322842
1191,0.031654542173011495
1192,0.3470764792379418
1193,0.3980719394219395
1194,0.9999999999999999
1195,0.9885884520012851
1196,0.2866440628133706
1197,0.9999999999999999
1198,0.08048681622497869
1199,0.0
1200,0.38620741186810165
1201,0.3166969379326757
1202,0.8907950903927854
1203,0.6062681002002671
1204,0.8980050570087411
1205,0.013548101711150794
1206,0.012957227331126392
1207,0.11016121073001595
1208,0.0
1209,0.5219890679512161
1210,0.9999999999999999
1211,0.9911323281726102
1212,0.032201746289129744
1213,0.08787742683786037
1214,0.5434914892994838
1215,0.5887371186715088
1216,0.0
1217,0.9859732933577785
1218,0.20386918370794466
1219,0.0
1220,0.9999999999999999
1221,0.04093726335297388
1222,0.7584293159149781
1223,0.6152634877554192
1224,0.0
1225,0.3946474508772394
1226,0.9999999999999999
1227,0.01916751495635418
1228,0.12468295356742126
1229,0.2967414664846509
1230,0.9999999999999999
1231,0.9999999999999999
1232,0.0
1233,0.9999999999999999
1234,0.7295600901324126
1235,0.5927646665850604
1236,0.9999999999999999
1237,0.7804570505606813
1238,0.0
1239,0.17740368664816958
1240,0.2101504171562917
1241,0.005287352612360269
1242,0.0
1243,0.08584433568598664
1244,0.9738156735731894
1245,0.9999999999999999
1246,0.7092679065086454
1247,0.8067731395613603
1248,0.9999999999999999
1249,0.13825595672194818
1250,0.449153807614541
1251,0.1569130906569971
1252,0.0
1253,0.9488487287429326
1254,0.13451180816061856
1255,0.018621687027273643
1256,0.84991273441507
1257,0.9257032872539893
1258,0.48328441310392717
1259,0.0
1260,0.9999999999999999
1261,0.0
1262,0.7432920929168376
1263,0.9999999999999999
1264,0.09768468310549121
1265,0.0059693724182732
1266,0.6956789381136996
1267,0.9999999999999999
1268,0.9999999999999999
1269,0.9999999999999999
1270,0.0
1271,0.5202904655289072
1272,0.5479566220886618
1273,0.21269596530787216
1274,0.9999999999999999
1275,0.9955984957494808
1276,0.9999999999999999
1277,0.03580286196999458
1278,0.3830527431605521
1279,0.9999999999999999
1280,0.9792851920754475
1281,0.013710847894645417
1282,0.9999999999999999
1283,0.732009844472103
1284,0.5736905153426186
1285,0.9999999999999999
1286,0.02904113487256329
1287,0.3992726471555086
1288,0.14170170338682692
1289,0.7619301080825381
1290,0.2754629917671948
1291,0.988757831811464
1292,0.002892342069238929
1293,0.030788820434881382
1294,0.0
1295,0.9999999999999999
1296,0.0
1297,0.8882437006746853
1298,0.8979390892223167
1299,0.9999999999999999
1300,0.0
1301,0.0
1302,0.9999999999999999
1303,0.8351764730981052
1304,0.817049789753243
1305,0.042590140072672915
1306,0.8043941613834367
1307,0.024086731032720077
1308,0.9999999999999999
1309,0.3190483538956478
1310,0.0
1311,0.9999999999999999
1312,0.0
1313,0.9999999999999999
1314,0.3309398203317563
1315,0.0
1316,0.23006918734831938
1317,0.6942558511621459
1318,0.3701173571127384
1319,0.9954292913268491
1320,0.0
1321,0.5733564214828868
1322,0.13765449545101743
1323,0.0
1324,0.13228017787237345
1325,0.9999999999999999
1326,0.5001678595088007
1327,0.8749504682746612
1328,0.9999999999999999
1329,0.05637349864598577
1330,0.9844987383271093
1331,0.9999999999999999
1332,0.6023489004171292
1333,0.4534630237276349
1334,0.46780052264685146
1335,0.9999999999999999
1336,0.0
1337,0.9999999999999999
1338,0.27101464657026253
1339,0.44764151406016933
1340,0.475879423379401
1341,0.9999999999999999
1342,0.7791466716200748
1343,0.5543234823335803
1344,0.9999999999999999
1345,0.30714025318458876
1346,0.8436937594173887
1347,0.7152009075574934
1348,0.01166102852822316
1349,0.9999999999999999
1350,0.0
1351,0.0
1352,0.9999999999999999
1353,0.9999999999999999
1354,0.0
1355,0.15163333106352594
1356,0.9999999999999999
1357,0.8219701394494292
1358,0.007413122687104429
1359,0.8816830265674284
1360,0.9999999999999999
1361,0.9999999999999999
1362,0.6132276814754029
1363,0.0
1364,0.08978715493180675
1365,0.6641616990739955
1366,0.8564429235138359
1367,0.23940527259697048
1368,0.0
1369,0.7370017157072213
1370,0.019966670130780195
1371,0.0009702346024799468
1372,0.9999999999999999
1373,0.9999999999999999
1374,0.8794810296843905
1375,0.9999999999999999
1376,0.9999999999999999
1377,0.0
1378,0.8479712274043343
1379,0.9999999999999999
1380,0.0
1381,0.8073251954491172
1382,0.14554169995245408
1383,0.7506371425279046
1384,0.3081613769459429
1385,0.5923913930318107
1386,0.9999999999999999
1387,0.0
1388,0.9906051650742962
1389,0.0
1390,0.8432504502063051
1391,0.9644730419112414
1392,0.7335548916611712
1393,0.34535393196342157
1394,0.9680922571061918
1395,0.035811476145628886
1396,0.0
1397,0.4707481544744275
1398,0.8270907595888719
1399,0.608251095260938
1400,0.21670382499316143
1401,0.9811893050226705
1402,0.0
1403,0.9999999999999999
1404,0.0
1405,0.2965513939253509
1406,0.8092062229228146
1407,0.6556140329916
1408,0.0
1409,0.003914634462574673
1410,0.9999999999999999
1411,0.08763577897650482
1412,0.5110270411009181
1413,0.28610248079616324
1414,0.0
1415,0.9986609073097208
1416,0.4215084207411128
1417,0.0
1418,0.9999999999999999
1419,0.7782943878365002
1420,0.9999999999999999
1421,0.0
1422,0.31458125705650064
1423,0.06697689581942241
1424,0.1328352192179716
1425,0.9999999999999999
1426,0.0
1427,0.5959466093780313
1428,0.9999999999999999
1429,0.6091290983368086
1430,0.8081918986600125
1431,0.04382770436789505
1432,0.9999999999999999
1433,0.15346873856833798
1434,0.9999999999999999
1435,0.5200529217366183
1436,0.0
1437,0.0
1438,0.9999999999999999
1439,0.23467964628015436
1440,0.9984827000573162
1441,0.0
1442,0.9065746776748563
1443,0.12072959014161833
1444,0.6502568673442344
1445,0.9999999999999999
1446,0.80012035571344
1447,0.0
1448,0.27073366168431773
1449,0.1885384037991261
1450,0.0
1451,0.2320597883468657
1452,0.5022262834399275
1453,0.9999999999999999
1454,0.09581254191301017
1455,0.008858574773039762
1456,0.40575331700539097
1457,0.4651216956754861
1458,0.0
1459,0.8178327494133948
1460,0.9862485552175991
1461,0.9999999999999999
1462,0.9999999999999999
1463,0.9999999999999999
1464,0.9999999999999999
1465,0.0
1466,0.0
1467,0.9999999999999999
1468,0.9999999999999999
1469,0.0
1470,0.3193687419309921
1471,0.9999999999999999
1472,0.0
1473,0.9087651391172344
1474,0.9999999999999999
1475,0.0
1476,0.840767391576224
1477,0.32583917441456695
1478,0.9999999999999999
1479,0.024603753162968346
1480,0.6051924598852926
1481,0.9999999999999999
1482,0.0
1483,0.0
1484,0.6874807021180451
1485,0.7068918133705353
1486,0.27267478173689086
1487,0.9456754061780784
1488,0.6962094313151937
1489,0.9999999999999999
1490,0.9999999999999999
1491,0.9999999999999999
1492,0.8950790732676442
1493,0.9999999999999999
1494,0.9999999999999999
1495,0.9999999999999999
1496,0.8889204936558973
1497,0.0
1498,0.9671073776234973
1499,0.14669728133567
1500,0.17721486920125845
1501,0.43368832220041115
1502,0.9999999999999999
1503,0.9999999999999999
1504,0.8201858374395259
1505,0.9033582332159514
1506,0.6997114363587604
1507,0.0
1508,0.9999999999999999
1509,0.3426170469136319
1510,0.8773505125572638
1511,0.9999999999999999
1512,0.9999999999999999
1513,0.9999999999999999
1514,0.0
1515,0.9999999999999999
1516,0.20006314555684712
1517,0.9300745797297788
1518,0.09881455461473498
1519,0.7566956355833871
1520,0.9999999999999999
1521,0.9668715132163095
1522,0.8999999999999999
1523,0.9038410211036472
1524,0.08068621135238196
1525,0.0687513210332529
1526,0.13075948942600796
1527,0.10324785932636693
1528,0.7157170102430772
1529,0.0
1530,0.20793243514421392
1531,0.9791127073084973
1532,0.49388661363194597
1533,0.9999999999999999
1534,0.9999999999999999
1535,0.9999999999999999
1536,0.9999999999999999
1537,0.0
1538,0.9999999999999999
1539,0.9999999999999999
1540,0.11182847867674098
1541,0.0
1542,0.9689433114481074
1543,0.6837161077888203
1544,0.0
1545,0.9999999999999999
1546,0.5203058820344286
1547,0.01894096096591738
1548,0.4851550352745788
1549,0.8692785399416602
1550,0.29622158800894155
1551,0.51268314139838
1552,0.9999999999999999
1553,0.9999999999999999
1554,0.9759118178855543
1555,0.0
1556,0.9999999999999999
1557,0.9999999999999999
1558,0.0
1559,0.9999999999999999
1560,0.9644902856605282
1561,0.9999999999999999
1562,0.0
1563,0.9449142752463645
1564,0.09552482144179725
1565,0.9999999999999999
1566,0.7593338475770778
1567,0.2085171491658668
1568,0.0
1569,0.20056356380102486
1570,0.7441450186217903
1571,0.9999999999999999
1572,0.6996791200631775
1573,0.5654114854880951
1574,0.310582477197485
1575,0.9999999999999999
1576,0.9999999999999999
1577,0.20916484316414424
1578,0.9984081434193547
1579,0.1526723029778388
1580,0.5227391302917699
1581,0.9777846976850844
1582,0.2770619631799939
1583,0.0
1584,0.9270225875457869
1585,0.8094639032597563
1586,0.0
1587,0.1418121711013601
1588,0.10519474597168517
1589,0.0
1590,0.9662987105595949
1591,0.5193425667940833
1592,0.012779356689284472
1593,0.9999999999999999
1594,0.12274618886596012
1595,0.9136977385291852
1596,0.0
1597,0.9999999999999999
1598,0.9999999999999999
1599,0.9999999999999999
1600,0.0
1601,0.7521286408407077
1602,0.4978574492126162
1603,0.12687841699188096
1604,0.5298417864269898
1605,0.9417757545528156
1606,0.9865323832528974
1607,0.5606418021648261
1608,0.07607111282019288
1609,0.9999999999999999
1610,0.14528294165040664
1611,0.18547557756831806
1612,0.5138278383374703
1613,0.15010526124767962
1614,0.0
1615,0.0
1616,0.41372395938548145
1617,0.4182470671915984
1618,0.9791049292075185
1619,0.3998813723535273
1620,0.02317115821171302
1621,0.2977552811588418
1622,0.1547905814806521
1623,0.9999999999999999
1624,0.3055692491288256
1625,0.8271433928580969
1626,0.061941436074693976
1627,0.9999999999999999
1628,0.6756457043432289
1629,0.9999999999999999
1630,0.8165254619663651
1631,0.9564842902514094
1632,0.9963941922738593
1633,0.9999999999999999
1634,0.941241447686801
1635,0.9999999999999999
1636,0.9067749089713586
1637,0.4737731029497994
1638,0.48474603149272133
1639,0.9727068451679945
1640,0.9999999999999999
1641,0.9999999999999999
1642,0.042308727640507415
1643,0.08551161735395513
1644,0.17325324727356184
1645,0.0
1646,0.9999999999999999
1647,0.487297756587412
1648,0.02659550671420279
1649,0.0
1650,0.9999999999999999
1651,0.0
1652,0.0
1653,0.12829811285880166
1654,0.9999999999999999
1655,0.0
1656,0.9999999999999999
1657,0.9665810486627456
1658,0.26374911901067905
1659,0.9572360325766938
1660,0.9999999999999999
1661,0.9999999999999999
1662,0.9999999999999999
1663,0.9999999999999999
1664,0.9999999999999999
1665,0.8901535784640329
1666,0.9999999999999999
1667,0.03389493770793991
1668,0.7326580873722779
1669,0.9215568229271245
1670,0.05188077699807692
1671,0.3925420316497971
1672,0.3817664228033326
1673,0.0
1674,0.3154969966129919
1675,0.5739861629033488
1676,0.9724991106342229
1677,0.0
1678,0.9999999999999999
1679,0.26156543490359013
1680,0.35556836786479196
1681,0.01894096096591738
1682,0.9999999999999999
1683,0.9686386905923166
1684,0.9999999999999999
1685,0.08173354531841646
1686,0.0
1687,0.9607124075545721
1688,0.9999999999999999
1689,0.0050587354348079535
1690,0.9999999999999999
1691,0.005871953367440253
1692,0.00986901591788234
1693,0.02331232895914682
1694,0.2313475167691837
1695,0.5540895919875335
1696,0.7604557427211046
1697,0.9999999999999999
1698,0.02136254423295114
1699,0.9999999999999999
1700,0.0
1701,0.7517632376570944
1702,0.9999999999999999
1703,0.6955651979988845
1704,0.16161916977888136
1705,0.9999999999999999
1706,0.9999999999999999
1707,0.954016130674131
1708,0.9999999999999999
1709,0.9999999999999999
1710,0.9999999999999999
1711,0.619704109488106
1712,0.8245691428190985
1713,0.6257697256982105
1714,0.9788052309929163
1715,0.5675119288813737
1716,0.8556152888585132
1717,1.9641029378258958e-05
1718,0.9186625186466288
1719,0.9999999999999999
1720,0.9999999999999999
1721,0.4326879190732846
1722,0.0
1723,0.8095147313659334
1724,0.07804582913636923
1725,0.43017400925714117
1726,0.0
1727,0.381580212230234
1728,0.5698392665504243
1729,0.0
1730,0.0
1731,0.989684555191482
1732,0.9889070590488176
1733,0.0
1734,0.0
1735,0.060981185189889764
1736,0.26082811262417555
1737,0.0
1738,0.1695273846811152
1739,0.0
1740,0.39300504008839465
1741,0.0
1742,0.0
1743,0.9999999999999999
1744,0.0
1745,0.47143746320655966
1746,0.0
1747,0.9999999999999999
1748,0.7451299701193232
1749,0.9999999999999999
1750,0.34963702457310997
1751,0.0
1752,0.9999999999999999
1753,0.0
1754,0.4747829595197417
1755,0.9999999999999999
1756,0.0
1757,0.40526364900132167
1758,0.5862119109117843
1759,0.2785462077430749
1760,0.8439361490610595
1761,0.9999999999999999
1762,0.0
1763,0.9790938002291092
1764,0.8414509919428639
1765,0.9999999999999999
1766,0.6343381410309009
1767,0.5996905088863049
1768,0.018608525181891756
1769,0.9290100685507726
1770,0.9999999999999999
1771,0.9899342020506252
1772,0.05061578991421024
1773,0.9999999999999999
1774,0.9999999999999999
1775,0.0
1776,0.21259834069506897
1777,0.6626998772618322
1778,0.22196215313601905
1779,0.9999999999999999
1780,0.7521523972184072
1781,0.9999999999999999
1782,0.2785462077430749
1783,0.4263418613349866
1784,0.9999999999999999
1785,0.9999999999999999
1786,0.955412793346487
1787,0.0021847408281161496
1788,0.9999999999999999
1789,0.06799284415745747
1790,0.14416187943170736
1791,0.08887331330768036
1792,0.02093681397351052
1793,0.00595376191712439
1794,0.33704341854935793
1795,0.44046592089689734
1796,0.9999999999999999
1797,0.08299440587206272
1798,0.9999999999999999
1799,0.15342876074947107
1800,0.1819081960309955
1801,0.21074078452157205
1802,0.8096950933856278
1803,0.9999999999999999
1804,0.9999999999999999
1805,0.7385237611492991
1806,0.9999999999999999
1807,0.047740666370956135
1808,0.9999999999999999
1809,0.9999999999999999
1810,0.042933464556232766
1811,0.0
1812,0.9538923475461545
1813,0.9999999999999999
1814,0.10926207826856255
1815,0.3236964523727902
1816,0.8687161346409669
1817,0.9956998112731842
1818,0.9999999999999999
1819,0.9251530021898905
1820,0.26768948729996284
1821,0.9999999999999999
1822,0.8724241606847178
1823,0.9999999999999999
1824,0.0
1825,0.05548112756854044
1826,0.0
1827,0.24927039037576243
1828,0.0
1829,0.26125764126830886
1830,0.9647423366653501
1831,0.5713546323750456
1832,0.9921191523491449
1833,0.25601090576053165
1834,0.0
1835,0.9999999999999999
1836,0.10263733894269195
1837,0.012011341004422027
1838,0.9999999999999999
1839,0.955808412369419
1840,0.9999999999999999
1841,0.01591288702076466
1842,0.15224565949645952
1843,0.0
1844,0.0
1845,0.008593109627909079
1846,0.8070590089050607
1847,0.9999999999999999
1848,0.9999999999999999
1849,0.06109472429832665
1850,0.25324873510137197
1851,0.3553888214211967
1852,0.9999999999999999
1853,0.8595951718568791
1854,0.008802593467050191
1855,0.33733289887293216
1856,0.9999999999999999
1857,0.9999999999999999
1858,0.9999999999999999
1859,0.4054333005037031
1860,0.9999999999999999
1861,0.021864478975507452
1862,0.13988282203506552
1863,0.9544444620510659
1864,0.0
1865,0.9924581822493932
1866,0.9999999999999999
1867,0.9999999999999999
1868,0.0
1869,0.0
1870,0.9999999999999999
1871,0.0
1872,0.6604647927022156
1873,0.10203150883419779
1874,0.9999999999999999
1875,0.5558530371553853
1876,0.9890349095801215
1877,0.7212839327629808
1878,0.9410281414325166
1879,0.1737283459457535
1880,0.3734940408167863
1881,0.8010045226775293
1882,0.9665635509130617
1883,0.9913292600594703
1884,0.9999999999999999
1885,0.0
1886,0.865984890191208
1887,0.0
1888,0.37801347070531177
1889,0.8321809953204592
1890,0.8999999999999999
1891,0.9999999999999999
1892,0.9999999999999999
1893,0.8321579914698681
1894,0.9721760462646493
1895,0.0
1896,0.8999999999999999
1897,0.9999999999999999
1898,0.0
1899,0.0
1900,0.21720388852983108
1901,0.9383854499388274
1902,0.2626743027645827
1903,0.6504781764951412
1904,0.0
1905,0.2528548575915994
1906,0.11401774489160024
1907,0.3558548786325404
1908,0.30062273675823425
1909,0.9999999999999999
1910,0.2756270597451682
1911,0.0
1912,0.010924477676820189
1913,0.0
1914,0.061994513472690006
1915,0.13647061454944737
1916,0.9556634139239807
1917,0.7858754007257021
1918,0.9999999999999999
1919,0.9999999999999999
1920,0.0003227580401564345
1921,0.9999999999999999
1922,0.6059424421655892
1923,0.0
1924,0.02192715797127629
1925,0.9999999999999999
1926,0.04000971844108388
1927,0.34612000555642464
1928,0.9999999999999999
1929,0.9999999999999999
1930,0.15536129355573822
1931,0.5553937560662665
1932,0.0
1933,0.9999999999999999
1934,0.9999999999999999
1935,0.9999999999999999
1936,0.07054543657383283
1937,0.2561712333850867
1938,0.18101772817714032
1939,0.501696830745102
1940,0.37217781109263104
1941,0.9999999999999999
1942,0.9999999999999999
1943,0.09937290565881571
1944,0.048788287793993926
1945,0.0
1946,0.15627281843562849
1947,0.2924474745489344
1948,0.636638300717277
1949,0.11309609343081847
1950,0.9999999999999999
1951,0.545785977313364
1952,0.5664808004272632
1953,0.9999999999999999
1954,0.6174697139459604
1955,0.0
1956,0.3975536253919139
1957,0.9999999999999999
1958,0.0
1959,0.6592510655884758
1960,0.9999999999999999
1961,0.002874773826210325
1962,0.9999999999999999
1963,0.1698891384145375
1964,0.9678541765455706
1965,0.2785462077430749
1966,0.005656591458594984
1967,0.5608623081714427
1968,0.9999999999999999
1969,0.8977040136566876
1970,0.9572809871974902
1971,0.005065771365221583
1972,0.7302759185982949
1973,0.9999999999999999
1974,0.0
1975,0.20783902963775777
1976,0.07948156186210865
1977,0.9999999999999999
1978,0.006720661468642769
1979,0.0
1980,0.2972456124493793
1981,0.15012787943092656
1982,0.01837055660156245
1983,0.9999999999999999
1984,0.17892213708935734
1985,0.18025959499057315
1986,0.7766941927196563
1987,0.21264922244646595
1988,0.015873518151142144
1989,0.9999999999999999
1990,0.9999999999999999
1991,0.9996015054745546
1992,0.3693401758482122
1993,0.9999999999999999
1994,0.7808277806789212
1995,0.6446392668386002
1996,0.9999999999999999
1997,0.9999999999999999
1998,0.06289760991137826
1999,0.9999999999999999
2000,0.031792039436114784
2001,0.5796998388234408
2002,0.985375494614186
2003,0.6864575043861614
2004,0.5386782056398891
2005,0.6630803998282626
2006,0.9999999999999999
2007,0.11880068712615549
2008,0.4897177338571953
2009,0.02201268778863722
2010,0.48374186868585467
2011,0.9366973834998924
2012,0.0
2013,0.9999999999999999
2014,0.8973469876685525
2015,0.9892284318184147
2016,0.0
2017,0.0
2018,0.7626142111124242
2019,0.7935148253018949
2020,0.984125110659332
2021,0.5444987920784411
2022,0.027757717344361877
2023,0.0
2024,0.0
2025,0.9999999999999999
2026,0.6389600172901203
2027,0.24144325268205066
2028,0.9999999999999999
2029,0.9999999999999999
2030,0.6636696217947545
2031,0.572384783080858
2032,0.7519098357626729
2033,0.9999999999999999
2034,0.22050453834797396
2035,0.9999999999999999
2036,0.9610543048228545
2037,0.06720513034736678
2038,0.0
2039,0.9999999999999999
2040,0.9422353152996281
2041,0.0
2042,0.0
2043,0.9999999999999999
2044,0.9136013857622749
2045,0.09616685800804659
2046,0.12233239307040317
2047,0.11768022170444367
2048,0.8986305278378449
2049,0.8388236053828892
2050,0.9962501534384599
2051,0.9894039272230682
2052,0.0
2053,0.9993201664567231
2054,0.013086753622399671
2055,0.9999999999999999
2056,0.9465029230000297
2057,0.3260969217496569
2058,0.8475197683635477
2059,0.8203682859495856
2060,0.9999999999999999
2061,0.7346143338536484
2062,0.8173668742914145
2063,0.9999999999999999
2064,0.0
2065,0.8875236822478917
2066,0.0227123474456829
2067,0.003099227527006476
2068,0.0
2069,0.48059455055027656
2070,0.9177036983220418
2071,0.7514820232187187
2072,0.0
2073,0.021381026391441526
2074,0.19286312804995578
2075,0.6437672829592375
2076,0.9980258178652089
2077,0.9999999999999999
2078,0.9999999999999999
2079,0.9999999999999999
2080,0.5267833157888657
2081,0.40210533684884414
2082,0.1019218132177894
2083,0.9999999999999999
2084,0.0
2085,0.1575501155187372
2086,0.9999999999999999
2087,0.7330592036791258
2088,0.6846659089855882
2089,0.630811767550824
2090,0.30402794563429014
2091,0.999846984308706
2092,0.9402066951485623
2093,0.8000273359696584
2094,0.6111857082619087
2095,0.46130467518244783
2096,0.7728620164387846
2097,0.16537993403366913
2098,0.30079903898646654
2099,0.1724950532095595
2100,0.33117094328191665
2101,0.47001685584284725
2102,0.6736867285463867
2103,0.9017293937505101
2104,0.0
2105,0.0
2106,0.25355028541225094
2107,0.022719281368957865
2108,0.0
2109,0.7706487870223179
2110,0.9999999999999999
2111,0.0
2112,0.9999999999999999
2113,0.9566336915926922
2114,0.8667112100903314
2115,0.7073228746133696
2116,0.9999999999999999
2117,0.0793540330002395
2118,0.940380521813756
2119,0.9999999999999999
2120,0.32670746565785225
2121,0.010496406694254301
2122,0.6876070703812889
2123,0.05211845683857615
2124,0.34773955087410513
2125,0.9999999999999999
2126,0.6878426877092335
2127,0.17356245891568534
2128,0.04748600466291281
2129,0.049680854606389525
2130,0.026430930367023237
2131,0.9999999999999999
2132,0.28782537298600025
2133,0.9999999999999999
2134,0.9999999999999999
2135,0.4541001841518113
2136,0.9999999999999999
2137,0.2785462077430749
2138,0.0
2139,0.5238578078313717
2140,0.4488500902132423
2141,0.9999999999999999
2142,0.9999999999999999
2143,0.0
2144,0.21646153068860435
2145,0.5062721418601541
2146,0.4131363490360877
2147,0.9999999999999999
2148,0.8899722641950647
2149,0.6402581451314799
2150,0.9999999999999999
2151,0.012457436341341267
2152,0.0
2153,0.0
2154,0.0016112203551852168
2155,0.7158301189551278
2156,0.9999999999999999
2157,0.21024091260961955
2158,0.3839316942807306
2159,0.035042664221472536
2160,0.0
2161,0.1602084107188822
2162,0.9999999999999999
2163,0.9999999999999999
2164,0.0
2165,0.9999999999999999
2166,0.20109129681174592
2167,0.07487199823820735
2168,0.9999999999999999
2169,0.9866221835846094
2170,0.0
2171,0.2412995747135092
2172,0.2785462077430749
2173,0.9745644644330288
2174,0.0
2175,0.0009298560270670885
2176,0.9999999999999999
2177,0.0
2178,0.30933899890888034
2179,0.9195225712725975
2180,0.25631718998955977
2181,0.0
2182,0.013577324376446865
2183,0.9999999999999999
2184,0.3781002644092518
2185,0.10365041872663752
2186,0.7583358698112483
2187,0.0
2188,0.633042276457817
2189,0.9999999999999999
2190,0.9999999999999999
2191,0.9929447785062628
2192,0.9999999999999999
2193,0.010329512296401755
2194,0.9999999999999999
2195,0.8530376557391788
2196,0.9999999999999999
2197,0.008900667368143888
2198,0.9999999999999999
2199,0.0
2200,0.04488353081133081
2201,0.23374710019646527
2202,0.1653144167365149
2203,0.9999999999999999
2204,0.2441517683754183
2205,0.9999999999999999
2206,0.9911653057155659
2207,0.7286364033865901
2208,0.9999999999999999
2209,0.9906436957638693
2210,0.0
2211,0.4626885989886033
2212,0.0
2213,0.0
2214,0.9614678529861064
2215,0.9999999999999999
2216,0.9332375170088701
2217,0.9474193746615469
2218,0.9999999999999999
2219,0.0
2220,0.06389213308001035
2221,0.0
2222,0.3560995940027239
2223,0.5962457617787453
2224,0.9999999999999999
2225,0.6624093623040784
2226,0.057560077684742
2227,0.9999999999999999
2228,0.9910984900517004
2229,0.9614814839280023
2230,0.9999999999999999
2231,0.30508869638213043
2232,0.0
2233,0.8899602565914636
2234,0.0
2235,0.0
2236,0.9999999999999999
2237,0.09483792392130308
2238,0.0
2239,0.0
2240,0.21641124013071436
2241,0.00019693714952283558
2242,0.17581294119440868
2243,0.7364253610415687
2244,0.12624508361439818
2245,0.9999999999999999
2246,0.27079642193341674
2247,0.9498678371561707
2248,0.9999999999999999
2249,0.0
2250,0.9999999999999999
2251,0.7057813219924479
2252,0.9999999999999999
2253,0.9999999999999999
2254,0.037437243665088785
2255,0.47710856639962496
2256,0.9999999999999999
2257,0.8873567718039642
2258,0.9999999999999999
2259,0.9999999999999999
2260,0.07820493567535786
2261,0.0
2262,0.0
2263,0.9483721981994726
2264,0.0
2265,0.507507816611479
2266,0.0
2267,0.03930948447797549
2268,0.033605117018576026
2269,0.9999999999999999
2270,0.0
2271,0.6106292715320994
2272,0.31303107924409934
2273,0.0
2274,0.4301259880495896
2275,0.5795352270104959
2276,0.9999999999999999
2277,0.19678326230270315
2278,0.06176256063250726
2279,0.0740543762820784
2280,0.9999999999999999
2281,0.0
2282,0.30695474023330144
2283,0.9999999999999999
2284,0.0
2285,0.9999999999999999
2286,0.6714245785391468
2287,0.9999999999999999
2288,0.0
2289,0.17924295509424892
2290,0.014964050069278378
2291,0.271344742961361
2292,0.5641050969613088
2293,0.13356938042278543
2294,0.0
2295,0.951141411632968
2296,0.9999999999999999
2297,0.9728205726136679
2298,0.16107984908961928
2299,0.9396482639445075
2300,0.0
2301,0.9999999999999999
2302,0.9999999999999999
2303,0.11192318348637939
2304,0.0
2305,0.0
2306,0.9999999999999999
2307,0.2141386922247336
2308,0.0
2309,0.6514002486311691
2310,0.8815094079194016
2311,0.8731259421950428
2312,0.9999999999999999
2313,0.9503106697685152
2314,0.9462139419294826
2315,0.9999999999999999
2316,0.6286066010555854
2317,0.7858872545593272
2318,0.0
2319,0.0024878103278338616
2320,0.2214292222780503
2321,0.0
2322,0.9999999999999999
2323,0.7356780244527933
2324,0.4919003928445317
2325,0.7098726440478724
2326,0.3600785387061142
2327,0.1123778088740213
2328,0.08267642175990217
2329,0.0
2330,0.6959524030341249
2331,0.9818260673229291
2332,0.0
2333,0.018599169238659834
2334,0.8092652055284083
2335,0.0
2336,0.0
2337,0.9999999999999999
2338,0.8703839942099024
2339,0.5104370267988426
2340,0.9999999999999999
2341,0.0
2342,0.0
2343,0.9999999999999999
2344,0.9999999999999999
2345,0.9999999999999999
2346,0.024676576863158196
2347,0.7702782718056679
2348,0.1422664836348581
2349,0.9999999999999999
2350,0.0
2351,0.06110289069193701
2352,0.9999999999999999
2353,0.3081323704648554
2354,0.9999999999999999
2355,0.9999999999999999
2356,0.7594803962184827
2357,0.0
2358,0.361061549620893
2359,0.9990403416556437
2360,0.9572140198651966
2361,0.9874893941177344
2362,0.0
2363,0.034084961200116476
2364,0.11784051414255144
2365,0.9180722716820195
2366,0.9779014171265551
2367,0.7264614450947285
2368,0.5538945534733546
2369,0.8515038042468202
2370,0.22361985448577126
2371,0.022420696078382565
2372,0.9999999999999999
2373,0.258110687592655
2374,0.9857329105191482
2375,0.9579245150273784
2376,0.9999999999999999
2377,0.8690673352363067
2378,0.9999999999999999
2379,0.9999999999999999
2380,0.10429058426468113
2381,0.003926203713986559
2382,0.2553536694321741
2383,0.64955135545176
2384,0.9987393432288495
2385,0.9999999999999999
2386,0.8836326342718149
2387,0.2081979882475652
2388,0.0
2389,0.9999999999999999
2390,0.5860654967875453
2391,0.0
2392,0.3902682919074908
2393,0.0
2394,0.0
2395,0.30395015826332156
2396,0.9999999999999999
2397,0.0025146208865791777
2398,0.22604840551553118
2399,0.9172591211091773
2400,0.8885617988021701
2401,0.8842455709172231
2402,0.006830329427443838
2403,0.14161516781004113
2404,0.9999999999999999
2405,0.5427602098924527
2406,0.3652641921198613
2407,0.917835885503825
2408,0.9999999999999999
2409,0.3277822369880096
2410,0.0
2411,0.9999999999999999
2412,0.9999999999999999
2413,0.9999999999999999
2414,0.9999999999999999
2415,0.0
2416,0.0
2417,0.06039906313169595
2418,0.9985735950896566
2419,0.16100991799764644
2420,0.9697187732747397
2421,0.08264469833727747
2422,0.0
2423,0.09534609098272995
2424,0.1252882281188457
2425,0.6036768395028411
2426,0.904836423228653
2427,0.878462888325868
2428,0.3639220921266515
2429,0.9999999999999999
2430,0.9999999999999999
2431,0.9999999999999999
2432,0.8202387545904315
2433,0.7878623295171263
2434,0.37755205881244047
2435,0.1227952240377259
2436,0.0
2437,0.0
2438,0.0
2439,0.9999999999999999
2440,0.03331768129470236
2441,0.9999999999999999
2442,0.9541591440356565
2443,0.9999999999999999
2444,0.014789537130492891
2445,0.9883118099352984
2446,0.04805916946411373
2447,0.249953216716793
2448,0.0
2449,0.06522137334605473
2450,0.9621175231119365
2451,0.11043364657220661
2452,0.27210558092431536
2453,0.7283258019779397
2454,0.4498852975494156
2455,0.0
2456,0.2957538582627563
2457,0.9999999999999999
2458,0.7967976335501198
2459,0.9999999999999999
2460,0.9230305422694917
2461,0.31216510425392985
2462,0.3437343007498023
2463,0.9999999999999999
2464,0.23491079930807093
2465,0.0
2466,0.0
2467,0.0824350947879822
2468,0.9633648487156301
2469,0.13444676507435557
2470,0.0
2471,0.1749716840033604
2472,0.9999999999999999
2473,0.9999999999999999
2474,0.3337177376791637
2475,0.0
2476,0.3336157481710104
2477,0.6257697256982105
2478,0.8899602565914636
2479,0.24602448517791364
2480,0.014980541423004201
2481,0.9483146416316849
2482,0.3448954613173773
2483,0.9656375013137056
2484,0.2972795910736246
2485,0.0
2486,0.40753079534173664
2487,0.9999999999999999
2488,0.9173154449162044
2489,0.0
2490,0.9999999999999999
2491,0.9999999999999999
2492,0.9999999999999999
2493,0.10450765242608542
2494,0.9783627156052666
2495,0.04218539248338141
2496,0.9999999999999999
2497,0.9999999999999999
2498,0.009439339406991704
2499,0.05491252262021304
2500,0.9999999999999999
2501,0.0
2502,0.9999999999999999
2503,0.9999999999999999
2504,0.6745765739344279
2505,0.9810685500543028
2506,0.6086750059617801
2507,0.057774522524837835
2508,0.9999999999999999
2509,0.9999999999999999
2510,0.8116833901746916
2511,0.9999999999999999
2512,0.929883581663215
2513,0.0
2514,0.9999999999999999
2515,0.6523768359653885
2516,0.9747767363359848
2517,0.5121389543758079
2518,0.0
2519,0.4007605970828212
2520,0.38528910418168594
2521,0.3202106097428947
2522,0.0321736800801624
2523,0.0
2524,0.0
2525,0.9999999999999999
2526,0.0
2527,0.9999999999999999
2528,0.42163580157424446
2529,0.33077188426626847
2530,0.9875133647143934
2531,0.9999999999999999
2532,0.018107749486360864
2533,0.009803244769610243
2534,0.4155100544124974
2535,0.30232131928204997
2536,0.9999999999999999
2537,0.03192715552919292
2538,0.9999999999999999
2539,0.9999999999999999
2540,0.9755706791343074
2541,0.9999999999999999
2542,0.9999999999999999
2543,0.9461763317616463
2544,0.428809119909845
2545,0.9999999999999999
2546,0.04703841667071193
2547,0.9999999999999999
2548,0.0
2549,0.40029239955406554
2550,0.9999999999999999
2551,0.9999999999999999
2552,0.4995459404013027
2553,0.016531637603126963
2554,0.42054130208238083
2555,0.8999999999999999
2556,0.8004511947374126
2557,0.9999999999999999
2558,0.7616649946257211
2559,0.9999999999999999
2560,0.9999999999999999
2561,0.31924346950517984
2562,0.38132264551725104
2563,0.9106518012819866
2564,0.0
2565,0.9999999999999999
2566,0.0
2567,0.0
2568,0.0
2569,0.9999999999999999
2570,0.0
2571,0.9999999999999999
2572,0.0
2573,0.30021179593466496
2574,0.9808491309521986
2575,0.07018063528595557
2576,0.04294751343342268
2577,0.33161781845690996
2578,0.9999999999999999
2579,0.0
2580,0.4563803464040886
2581,0.8396769941530184
2582,0.9999999999999999
2583,0.7150414320231121
2584,0.9957193959598504
2585,0.9999999999999999
2586,0.0
2587,0.9999999999999999
2588,0.019307947713006462
2589,0.9999999999999999
2590,0.005260011500969208
2591,0.9999999999999999
2592,0.0
2593,0.043562606920805824
2594,0.9357147969040764
2595,0.0
2596,0.9999999999999999
2597,0.34585430480697565
2598,0.9999999999999999
2599,0.9999999999999999
2600,0.0
2601,0.9999999999999999
2602,0.0
2603,0.9999999999999999
2604,0.6103602556006654
2605,0.9999999999999999
2606,0.0
2607,0.8999999999999999
2608,0.17263133061976027
2609,0.9999999999999999
2610,0.6300446697620965
2611,0.9999999999999999
2612,0.02238839367829718
2613,0.013267457467383647
2614,0.8957005884072838
2615,0.29379426996748575
2616,0.5705003051296834
2617,0.9999999999999999
2618,0.97220551320155
2619,0.057088097124270626
2620,0.11336338572927983
2621,0.13917428429009032
2622,0.8880028897276353
2623,0.9999999999999999
2624,0.0
2625,0.8641583105909528
2626,0.8155057130526812
2627,0.9999999999999999
2628,0.0
2629,0.11411434492328182
2630,0.06990126072836672
2631,0.22700441549107428
2632,0.4606913409619925
2633,0.9999999999999999
2634,0.0
2635,0.13531936053380583
2636,0.0
2637,0.5047485457988505
2638,0.9999999999999999
2639,0.8837231884608381
2640,0.9999999999999999
2641,0.0
2642,0.2
2643,0.3569953456423295
2644,0.06293606707130701
2645,0.1779166254350018
2646,0.9999999999999999
2647,0.7974155963368543
2648,0.6988090749589223
2649,0.0
2650,0.8430425152908807
2651,0.0
2652,0.9999999999999999
2653,0.8864706085152215
2654,0.9999999999999999
2655,0.9999999999999999
2656,0.9999999999999999
2657,0.2278834089469479
2658,0.4963132939291999
2659,0.08927446286976115
2660,0.9009810977400081
2661,0.8278143447361096
2662,0.8999999999999999
2663,0.2947335112993399
2664,0.30187765833516184
2665,0.0
2666,0.45223150068574436
2667,0.9999999999999999
2668,0.9815458345132594
2669,0.40598976001081255
2670,0.0
2671,0.0
2672,0.9819392304342771
2673,0.47603259519422114
2674,0.8122385235794124
2675,0.15726704802571104
2676,0.7665206999550641
2677,0.7507043526733121
2678,0.9196349977368322
2679,0.5474056953854587
2680,0.6583585228362467
2681,0.9999999999999999
2682,0.9999999999999999
2683,0.9999999999999999
2684,0.31319331132981876
2685,0.0
2686,0.003916802039718647
2687,0.0
2688,0.9999999999999999
2689,0.39273357136806825
2690,0.5429352558567158
2691,0.7355787796320981
2692,0.9999999999999999
2693,0.2978092211863581
2694,0.0
2695,0.06744074826697899
2696,0.26395930288280167
2697,0.6554089879971063
2698,0.06873966081053388
2699,0.9803778499960597
2700,0.9999999999999999
2701,0.6926084622807452
2702,0.005323242513317489
2703,0.9999999999999999
2704,0.3867108696188354
2705,0.03165742579000902
2706,0.0
2707,0.0
2708,0.9858781005502166
2709,0.9999999999999999
2710,0.0
2711,0.03530708843863043
2712,0.15848616811856966
